{
  "project_info": {
    "project_number": "625903359255",
    "firebase_url": "https://boilermakermatch.firebaseio.com",
    "project_id": "boilermakermatch",
    "storage_bucket": "boilermakermatch.appspot.com"
  },
  "client": [
    {
      "client_info": {
        "mobilesdk_app_id": "1:625903359255:android:c23077752fbe432e",
        "android_client_info": {
          "package_name": "com.example.ruchira.boilermakermatch"
        }
      },
      "oauth_client": [
        {
          "client_id": "625903359255-r8u23e9c61th5j95bqick63ubb29aupi.apps.googleusercontent.com",
          "client_type": 1,
          "android_info": {
            "package_name": "com.example.ruchira.boilermakermatch",
            "certificate_hash": "6b6b7acf0a3c88a004eeb781d7f2340f5051c2e5"
          }
        },
        {
          "client_id": "625903359255-sane69s1kgfg9vmb1ijtbctc6m9cbbf0.apps.googleusercontent.com",
          "client_type": 3
        }
      ],
      "api_key": [
        {
          "current_key": "AIzaSyCcgY9y4CTmEjGRmnGAY7ZZ7b1mZpcqIBQ"
        }
      ],
      "services": {
        "analytics_service": {
          "status": 1
        },
        "appinvite_service": {
          "status": 2,
          "other_platform_oauth_client": [
            {
              "client_id": "625903359255-sane69s1kgfg9vmb1ijtbctc6m9cbbf0.apps.googleusercontent.com",
              "client_type": 3
            }
          ]
        },
        "ads_service": {
          "status": 2
        }
      }
    }
  ],
  "configuration_version": "1"
}